<?xml version="1.0" encoding="utf-8" ?>
<!-- Copyright 2016 Roku Corp.  All Rights Reserved. -->

<component name="KavaRateHandler" extends="Node" >

    <interface>
        <function name="start"/>
        <function name="resume"/>
        <function name="pause"/>
        <function name="getCurrent"/>
        <function name="countCurrent"/>
        <function name="getAverage"/>
        <function name="setCurrent"/>
        <function name="isStopped"/>
        <function name="reset"/>
        <function name="destroy"/>
    </interface>

    <script type="text/brightscript" uri="pkg:/components/kava-rate-handler.brs"/>

    <children>
    </children>

</component>
