<?xml version="1.0" encoding="utf-8" ?>
<!-- Copyright 2016 Roku Corp.  All Rights Reserved. -->

<component name="KavaModel" extends="BaseNode" >

    <interface>
        <field id="sessionStartTime" type="float" />
        <field id="eventIndex" type="integer" />
        <field id="errorPosition" type="integer" />
        <field id="playTimeSum" type="float" />
        <field id="bufferTime" type="float" />
        <field id="bufferTimeSum" type="float" />
        <field id="language" type="string" />
        <field id="caption" type="string" />
        <field id="errorCode" type="integer" />
        <field id="errorDetails" type="assocarray" />
        <field id="joinTime" type="float" />
        <field id="canPlayTime" type="float" />
        <field id="targetPosition" type="float" />
        <field id="targetBuffer" type="float" />
        <field id="totalSegmentsDownloadTime" type="float" />
        <field id="totalSegmentsDownloadBytes" type="float" />
        <field id="maxSegmentDownloadTime" type="float" />
        <field id="maxManifestDownloadTime" type="float" />
        <field id="forwardBufferHealth" type="float" />
        <field id="droppedFramesRatio" type="float" />
        <field id="soundMode" type="string" />
        <field id="maxNetworkConnectionOverhead" type="float" />
        <field id="flavorParamsId" type="float" />
        <field id="networkConnectionType" type="string" />
        <field id="bandwidth" type="string" />

        <field id="pluginNode" type="node" />
        <field id="partnerId" type="string" />
        <field id="entryId" type="string" />
        <field id="playlistId" type="string" />
        <field id="sessionId" type="string" />
        <field id="persistentSessionId" type="string" />
        <field id="clientVer" type="string" />
        <field id="clientTag" type="string" />
        <field id="ks" type="string" />
        <field id="UIConfId" type="string" />
        <field id="referrer" type="string" />
        <field id="customVar1" type="string" />
        <field id="customVar2" type="string" />
        <field id="customVar3" type="string" />
        <field id="playbackContext" type="string" />
        <field id="applicationVersion" type="string" />
        <field id="userId" type="string" />

        <function name="getActualBitrate"/>
        <function name="getAverageBitrate"/>
        <function name="getDeliveryType"/>
        <function name="getPlaybackType"/>
        <function name="getPosition"/>

        <function name="getModel"/>
    </interface>

    <script type="text/brightscript" uri="pkg:/components/kava-events.brs"/>
    <script type="text/brightscript" uri="pkg:/components/kava-event-model.brs"/>
    <script type="text/brightscript" uri="pkg:/components/common/utils/associative-array.brs"/>
    <script type="text/brightscript" uri="pkg:/components/kava-model.brs"/>

    <children>
    </children>

</component>
