<?xml version="1.0" encoding="utf-8" ?>
<!-- Copyright 2016 Roku Corp.  All Rights Reserved. -->

<component name="KavaTimer" extends="BaseNode" >

    <interface>
        <function name="initialize"/>
        <function name="getEvents"/>
        <function name="start"/>
        <function name="resume"/>
        <function name="pause"/>
        <function name="isStopped"/>
        <function name="destroy"/>
    </interface>

    <script type="text/brightscript" uri="pkg:/components/kava-timer.brs"/>

    <children>
        <Timer
                id="kavaTimerInterval"
                repeat="true"
        />
    </children>

</component>
