<?xml version="1.0" encoding="utf-8" ?>
<!-- Copyright 2016 Roku Corp.  All Rights Reserved. -->

<component name="Kava" extends="BasePlugin" >

    <interface>
        <function name="_initialize"/>
        <function name="initialize"/>
        <function name="destroy"/>

        <function name="_tickHandler"/>
        <function name="_reportHandler"/>
        <function name="_resetHandler"/>

        <function name="_sourceSelectedHandler"/>
        <function name="_errorHandler"/>
        <function name="_firstPlayHandler"/>
        <function name="_fragLoadedHandler"/>
        <function name="_manifestLoadedHandler"/>
        <function name="_timedMetadataHandler"/>
        <function name="_tracksChangedHandler"/>
        <function name="_playingHandler"/>
        <function name="_firstPlayingHandler"/>
        <function name="_seekingHandler"/>
        <function name="_pauseHandler"/>
        <function name="_timeUpdateHandler"/>
        <function name="_endedHandler"/>
        <function name="_timeUpdateHandler"/>
        <function name="_videoTrackChangedHandler"/>
        <function name="_audioTrackChangedHandler"/>
        <function name="_textTrackChangedHandler"/>
        <function name="_playerStateChangedHandler"/>
        <function name="_canPlayHandler"/>
        <function name="_muteChangeHandler"/>

        <function name="getActualBitrate"/>
        <function name="getAverageBitrate"/>
        <function name="getDeliveryType"/>
        <function name="getPlaybackType"/>
        <function name="getPosition"/>

    </interface>

    <script type="text/brightscript" uri="pkg:/components/common/utils/associative-array.brs"/>
    <script type="text/brightscript" uri="pkg:/components/common/utils/string.brs"/>
    <script type="text/brightscript" uri="pkg:/components/constants/kava-request-config.brs"/>
    <script type="text/brightscript" uri="pkg:/components/constants/error-severity.brs"/>
    <script type="text/brightscript" uri="pkg:/components/constants/error-position.brs"/>
    <script type="text/brightscript" uri="pkg:/components/constants/sound-mode.brs"/>
    <script type="text/brightscript" uri="pkg:/components/kava-events.brs"/>
    <script type="text/brightscript" uri="pkg:/components/calcParams.brs"/>
    <script type="text/brightscript" uri="pkg:/components/constants/default-config.brs"/>
    <script type="text/brightscript" uri="pkg:/components/kava.brs"/>

</component>
