{
  "EMPTIED": "emptied",
  "WAITING": "buffering",
  "PLAYING": "playing",
  "PAUSED": "paused",
  "STOPPED": "stopped",
  "ENDED": "finished",
  "ERROR": "error",
  "SEEKED": "seeked",
  "DURATION_CHANGE": "durationchange",
  "TIME_UPDATE": "timeupdate",

  "PLAYER_RESET": "playerreset",
  "MUTE_CHANGE": "mutechange",
  "AUDIO_TRACK_CHANGED": "audiotrackchanged",
  "TEXT_TRACK_CHANGED": "texttrackchanged",
  "PLAYBACK_START": "playbackstart",
  "FIRST_PLAY": "firstplay",
  "FIRST_PLAYING": "firstplaying",
  "PLAYBACK_ENDED": "playbackended",
  "TEXT_STYLE_CHANGED": "textstylechanged"
}
