<?xml version="1.0" encoding="utf-8" ?>
<!-- Copyright 2016 Roku Corp.  All Rights Reserved. -->

<component name="RequestBuilder" extends="Task" >

  <interface>

    <!-- request params -->
    <field id="params" type="assocarray"/>
    <!-- response of this request -->
    <field id="response" type="assocarray" onChange="parseResponse"/>
    <!-- network retry configuration -->
    <field id="retryConfig" type="assocarray"/>


    <function name="getRequestContent" />

    <function name="getResponseHeaders" />

    <function name="parseResponse" />

    <function name="execute" />

    <function name="initialize" />

    <function name="_initialize" />

  </interface>

  <script type="text/brightscript" uri="pkg:/components/utils/string.brs"/>
  <script type="text/brightscript" uri="pkg:/components/utils/array.brs"/>
  <script type="text/brightscript" uri="pkg:/components/utils/http-request.brs"/>
  <script type="text/brightscript" uri="pkg:/components/utils/associative-array.brs"/>
  <script type="text/brightscript" uri="pkg:/components/provider/services/request-builder.brs"/>

</component>
