<?xml version="1.0" encoding="utf-8" ?>
<component name="Player" extends="BaseGroup">
    <interface>
        <function name="initialize" />
        <function name="_initialize" />
        <function name="destroy"/>
        <function name="reset"/>

        <function name="configure" />
        <function name="play" />
        <function name="pause" />
        <function name="preload" />
        <function name="load" />
        <function name="loop" />
        <function name="mute" />

        <function name="getDuration" />
        <function name="getPlayerEvents" />
        <function name="getConfig" />
        <function name="getAudioTracks" />
        <function name="getCurrentAudioTrack" />
        <function name="selectAudioTrack" />
        <function name="getTextTracks" />
        <function name="getCurrentTextTrack" />
        <function name="selectTextTrack" />
        <function name="hideTextTrack" />
        <function name="seekToLiveEdge" />
        <function name="isLive" />
        <function name="getVideoElement" />
        <function name="resetAllCues" />
        <function name="getCurrentTime" />
        <function name="setCurrentTime" />
        <function name="setHeight" />
        <function name="getHeight" />
        <function name="setWidth" />
        <function name="getWidth" />

        <function name="_durationChangeListener" />

    </interface>
    <children>
        <Engine id="engine">
        </Engine>
    </children>
    <script type="text/brightscript" uri="pkg:/components/utils/associative-array.brs"/>
    <script type="text/brightscript" uri="pkg:/components/constants/defualt-config.brs"/>
    <script type="text/brightscript" uri="pkg:/components/player.brs"/>
</component>
