<?xml version="1.0" encoding="utf-8" ?>

<component name="KalturaPlayer" extends="BaseGroup">

    <interface>
        <function name="loaded" />
        <function name="ready" />
        <function name="_sourceSelectedListener" />

        <function name="setup" />
        <function name="destroy"/>
        <function name="reset"/>

        <function name="configure" />
        <function name="loadMedia" />
        <function name="setMedia" />
        <function name="createRequestBuilder" />

        <function name="play" />
        <function name="pause" />
        <function name="load" />

        <function name="getSrc" />
        <function name="setPreload" />
        <function name="setLoop" />
        <function name="isMuted" />
        <function name="setMute" />
        <function name="getDuration" />
        <function name="getConfig" />
        <function name="getPoster" />
        <function name="getKalturaPlayerEvents" />
        <function name="getAudioTracks" />
        <function name="getCurrentAudioTrack" />
        <function name="selectAudioTrack" />
        <function name="getTextTracks" />
        <function name="getCurrentTextTrack" />
        <function name="selectTextTrack" />
        <function name="hideTextTrack" />
        <function name="seekToLiveEdge" />
        <function name="isLive" />
        <function name="getVideoElement" />
        <function name="resetAllCues" />
        <function name="getCurrentTime" />
        <function name="setCurrentTime" />
        <function name="setHeight" />
        <function name="getHeight" />
        <function name="setWidth" />
        <function name="getWidth" />
        <function name="getStreamType" />
        <function name="isDvr" />
        <function name="getActiveVideoTrack" />
        <function name="getDownloadedTracks" />
        <function name="getTimeToStartStream" />
    </interface>

    <script type="text/brightscript" uri="pkg:/components/utils/string.brs"/>
    <script type="text/brightscript" uri="pkg:/components/utils/associative-array.brs"/>
    <script type="text/brightscript" uri="pkg:/components/poster.brs"/>
    <script type="text/brightscript" uri="pkg:/components/setup-helper.brs"/>
    <script type="text/brightscript" uri="pkg:/components/constants/kaltura-player-event.brs"/>
    <script type="text/brightscript" uri="pkg:/components/kaltura-player.brs"/>

</component>


