<?xml version="1.0" encoding="utf-8" ?>
<!-- Copyright 2016 Roku Corp.  All Rights Reserved. -->

<component name="BaseProvider" extends="Node" >

  <interface>

    <field id="ks" type="string" onChange="ksChange"/>

    <field id="responseData" type="assocarray"/>

    <!-- get response headers -->
    <function name="ksChange" />

    <function name="getPartnerId" />
    <!-- get response headers -->
    <function name="getWidgetId" />
    <!-- execute the MultiRequest -->
    <function name="getUIConfId" />

    <function name="isAnonymous" />
    <!-- initialize the service -->
    <function name="getPlayerVersion" />
    <!-- get response headers -->
    <function name="getMediaConfig" />
    <!-- execute the MultiRequest -->
    <function name="getPlaylistConfig" />
    <!-- execute the MultiRequest -->
    <function name="getEntryListConfig" />
    <!-- initialize the service -->
    <function name="initialize" />

  </interface>

  <script type="text/brightscript" uri="pkg:/components/utils/string.brs"/>
  <script type="text/brightscript" uri="pkg:/components/provider/common/base-provider.brs"/>

</component>
