<?xml version="1.0" encoding="utf-8" ?>
<!-- Copyright 2016 Roku Corp.  All Rights Reserved. -->

<component name="Error" extends="Node" >

  <interface>

    <field id="severities" type="assocarray"/>
    <field id="categories" type="assocarray"/>
    <field id="codes" type="assocarray"/>

  </interface>

  <script type="text/brightscript" uri="pkg:/components/provider/constant/error-category.brs"/>
  <script type="text/brightscript" uri="pkg:/components/provider/constant/error-code.brs"/>
  <script type="text/brightscript" uri="pkg:/components/provider/constant/error-severity.brs"/>
  <script type="text/brightscript" uri="pkg:/components/provider/common/error.brs"/>

</component>
