<?xml version="1.0" encoding="utf-8" ?>
<!-- Copyright 2016 Roku Corp.  All Rights Reserved. -->

<component name="OTTAnalytics" extends="BasePlugin" >

    <interface>
        <function name="_firstPlayHandler"/>
        <function name="_playHandler"/>
        <function name="_pauseHandler"/>
        <function name="_endedHandler"/>
        <function name="_seekedHandler"/>
        <function name="_errorHandler"/>
        <function name="_videoTrackChangedHandler"/>
        <function name="_sourceSelectedHandler"/>
        <function name="_mediaLoadedHandler"/>
    </interface>

    <script type="text/brightscript" uri="pkg:/components/common/utils/associative-array.brs"/>
    <script type="text/brightscript" uri="pkg:/components/common/utils/string.brs"/>
    <script type="text/brightscript" uri="pkg:/components/constants/error-severity.brs"/>
    <script type="text/brightscript" uri="pkg:/components/constants/bookmark-error.brs"/>
    <script type="text/brightscript" uri="pkg:/components/constants/bookmark-error-code.brs"/>
    <script type="text/brightscript" uri="pkg:/components/constants/bookmark-event.brs"/>
    <script type="text/brightscript" uri="pkg:/components/constants/default-config.brs"/>
    <script type="text/brightscript" uri="pkg:/components/ott-analytics.brs"/>

    <children>
        <Timer
            id="mediaHitInterval"
            repeat="true"
        />
    </children>

</component>
