<?xml version="1.0" encoding="utf-8" ?>

<component name="sample" extends="Scene">
    <script type="text/brightscript" uri="pkg:/components/sample.brs"/>
    <interface>
        <function name="loaded" />
        <function name="ready" />
        <function name="eventHandler" />
    </interface>

    <children>
        <ComponentLibrary id="KalturaPlayerLib" uri="pkg:/source/kaltura-player-roku.zip" />
        <ComponentLibrary id="PlaykitKavaLib" uri="pkg:/source/playkit-roku-kava.zip" />
    </children>

</component>
