<?xml version="1.0" encoding="utf-8" ?>
<!-- Copyright 2016 Roku Corp.  All Rights Reserved. -->

<component name="Engine" extends="BaseGroup" >

    <interface>

        <field id="playerEvents" type="assocarray" />

        <function name="canPlaySource" />
        <function name="initialize" />
        <function name="_initialize" />
        <function name="restore" />
        <function name="destroy" />
        <function name="play" />
        <function name="pause" />
        <function name="load" />
        <function name="reset" />

        <function name="getSrc" />
        <function name="setSrc" />
        <function name="setPreload" />
        <function name="isMuted" />
        <function name="setMute" />
        <function name="setLoop" />
        <function name="getAudioTracks" />
        <function name="getDuration" />
        <function name="getCurrentAudioTrack" />
        <function name="selectAudioTrack" />
        <function name="getTextTracks" />
        <function name="getCurrentTextTrack" />
        <function name="selectTextTrack" />
        <function name="hideTextTrack" />
        <function name="seekToLiveEdge" />
        <function name="isLive" />
        <function name="getVideoElement" />
        <function name="getCurrentTime" />
        <function name="setCurrentTime" />
        <function name="setHeight" />
        <function name="getHeight" />
        <function name="setWidth" />
        <function name="getWidth" />

    </interface>

    <children>
        <Video
            id="playkit-video-player"
            visible="false"/>
    </children>

    <script type="text/brightscript" uri="pkg:/components/constants/player-event.brs"/>
    <script type="text/brightscript" uri="pkg:/components/constants/drm-schema.brs"/>
    <script type="text/brightscript" uri="pkg:/components/constants/mimetype_to_format.brs"/>
    <script type="text/brightscript" uri="pkg:/components/Engines/engine.brs"/>

</component>
